职场黑话	高效指标表达

【健康与负荷；逐项查 H/S/R】
恢复体力或健康【休息/调休/运动/就医/理疗/正式减负/边界调整；已有效恢复，非仅申请】	H++
调整久坐作息|定时活动|戒断刺激物【形成自我管理方法】	S+
请病假|心理干预【严重健康问题】	H+++
控制活动强度|恢复期做后勤|提前离开应酬|协商轮值免响应【实际减轻负荷】	H+
单次占用休息或恢复【加班/业余学习/额外准备/推迟治疗】	H-
接下超容额外工作【已有任务受挤占；减负仅申请、尚未兑现】	H-?
应休息时硬抗或硬上【带病工作/旧伤上场/连夜赶工/深夜应酬】	H--
双线连轴|持续超负荷|两头全要【多日透支】	H---
多日超负荷硬扛【交付责任与质量风险同时累积】	R++
出行受天气影响|暴雨同行【本人实际淋雨或额外耗费体力】	H-
请求减负【当前仍承担额外工作、负荷未减】	H-

【S 技能与专业】
学习认证|长期备考|系统掌握新能力【已实际投入学习】	S++
引入新技术|技术复盘|原型验证|应用专业判断	S+
建设性沟通|澄清立场【把事实与方案说清】	S+
私下提醒新人|善意点拨【实际运用带教方法】	S+
工作超容申请让渡|请求减负【明确排期和责任边界】	S+
留痕确权|再次明确分工【避免他人转嫁私活】	S++
公开举荐让贤|认可同事成果【体现专业判断】	S+
了解外部岗位要求|比较市场技能方向	S+
用技术力做成|掌控系统|实际排查、验证或技术止损【已执行专业方案；含压测/灰度/回滚/评审/同类服务配置】	S++
以证据阐明专业方案【量化分析/TCO或ROI/客户澄清/有准备地答辩】	S++
沉淀方法论|文档|Review清单|排障手册|release checklist	S++
准备或完成技术分享|主讲培训|带教全组	S++
拆分交付|先交核心|小步重构【已运用方案设计或技术能力】	S++
执行任务中学习|认真完成带教或评审【实际运用专业技能】	S+
系统补管理沟通软技能【开始学习】	S+
依法核对规则|确认政策|书面留痕	S+
放弃学习或实践机会【机会真实可兑现；非泛指没有学习】	S-?
停止额外成长投入|守住纯执行【岗位技能需求继续变化】	S-
拒答或回避技术判断【本应给出专业意见】	S-

【N 关系与协作】
折中|各让一步|坦诚客观沟通让对方愉悦|主动降温【冲突中建设性交流】	N+
全量告知可能受影响者【已发生安全或服务事故】	N+
帮助同事【慰问/换班/争取资源/协助任务；对方实际受益】	N++
公开认可他人|举荐让贤|肯定他人改进【对方受益】	N++
带教新人|私下提醒领导或同事纠错【小疏漏或给对方自改机会】	N+
主动说明作品或代码来源【同事先前有误解】	N+
密集手把手带教|牵头培训全组【受教者实际获益】	N+++
与同事共同创作|跨组协作【双方实际配合】	N+
分享可公开知识|项目经验|高效实践【允许共享且未违背当事人意愿；非纠正或规劝他人做法】	N++
违背对方不愿公开的脱敏技术复盘【不等于泄露个人隐私，但有关系摩擦】	S++,N--?
协商轮值|公平换班|参与普通团队活动	N+
替同事保密糗事|守口风保护同事【个人隐私；不含工作风险、技术问题或应共享经验】	N++
向相关人分享好消息|向同事分享好消息|向领导汇报好消息【已确认且对方即时受益】	N++?
直接提醒相关同事坏消息或错误|当众规劝同事守规矩【即使善意，也可能使对方不悦】	N-
当众直接纠正领导坏消息或错误【使对方现场失面子】	N--
当众指出错误|公开归责|指责新人【对方在场且当众受责】	N---
举报同事|交出其保密材料【违规事项】	N--
直接拒谈保密消息【对方已请求且关系摩擦形成】	N--
拒绝帮助|袖手旁观【已知同事困难或协作异常且需要介入】	N-
暂不揭发同事问题【避免当场关系冲突】	N+
拒绝补管理沟通短板|拒接带教或管理职责【岗位需要或已有正式机会】	N-
回避本人应答的问题|躲监督|迟迟不解释【本人负有回应责任且相关方正在等待】	N-
情绪化对抗|公开抱怨|恶意抹黑|添油加醋告状【公开冲突】	N--
与公司或管理层正式对抗|劳动仲裁【公开升级至调查或诉讼】	N---
越级争功|绕开负责人向客户强调自身贡献	N-
主动承担事故责任|为下属兜底【对方免于被不实归责】	N+
接下额外人情活|参加社交【对方获得实际帮助或陪伴】	N+
拒绝非核心社交或曝光【直接回绝已发出的职场邀请】	N--
不参加团队活动|紧张沉默不交流【明确邀约或普通职场社交】	N-
公开为团队发声【政治摩擦中维护同事利益】	N++
礼貌维持外部职业联系【下班后了解且未承诺跳槽】	N+
粗暴切断外部职业联系【未了解机会即拒绝】	N-
分阶段交付|先交核心【相关方获得可用阶段成果】	N+
放弃让协作方实际受益开心的机会【题面明确其可获收益，非泛指少社交或少曝光】	N-?
量化答辩|解释方案价值【相关方理解并认可】	N+

【O 交付与产出】
处理本职工作|专注任务|推动自家项目|跨组支持本职|澄清交付障碍【当前工作或既定交付已得到推进】	O+
交付或展示自家项目成果【兑现承诺/先交核心/可用阶段成果/已成里程碑】	O++
推动团队成果进入OKR或获得正式认可	O++
激励他人给自家项目贡献【已形成实际工作】	O++
临场救场|上线后修复漏洞【生产故障已止住或已交付修补】	O+
延期等异常告知不及时【影响既定交付】	O-
量化方案以争取自家项目资源或推进答辩	O++
削减范围|低成本替代|抓主要矛盾并完成交付	O+
避开非OKR任务|守住核心交付时间	O+++
本职工作延到明天|本职已排期工作被占用|交付小幅推迟【就算不紧急、明天补做】	O-
放弃可兑现的提前交付机会【题面明确进度收益，非一般加班】	O-?
既定本职交付大幅受阻【质量基建/上线前修复阻塞发布/细审积压代码/评审/带教/活动/调查通报/就医】	O--
无效返工|死磕耗尽|工作超载导致交付受损	O-
推诿延期|拒绝交付责任|只守执行不投入【本职交付受损】	O-
有成绩但只报喜隐患|减审查换当前进度|只通知已确认受影响者【确有当前进度收益】	O+
彻底放弃本职工作|副业优先【已导致本职交付落空】	O--

【W 个人财务】
赢得加薪|奖金|现金补偿|争取个人经济权益	W++
取得外部投资|资本支持【资金或有约束的投资承诺已落实】	W++
申请薪资条件|资源或利益但尚未兑现	W+
维权保住收入|买房保留应急现金|月供留余地【本人可支配财产得到保障】	W+
高杠杆买房|顶格投入房产【本轮形成房产资产】	W+
暂缓买房|积累安全垫【本轮未新增房产资产】	W-
个人收入或现金减少【自费应酬/设备/赔付/病假降薪/放弃待遇/副业收益】	W-
承担诉讼仲裁成本|失去工作收入【已发生重大个人现金损失】	W---

【R 本人隐患；正号增加】
透露|暗示|泄露未公开消息|接收转发保密资料【无授权，对相关人也算】	R++
守密|拒收无权资料|划清使用边界【书面权限已查明并遵守；含设备/副业】	R-
发现违规后固定证据并走常规内部合规或审计渠道【本人未参与；非越级公开对抗】	R--
主动纠正已知问题|及时如实报告并承担责任【调查前已实际止损并降低本人暴露】	R-
调查中主动交代本人先前不当或疏漏【如实配合、不继续隐瞒；非旁观他人异常后知情未报】	R-
调查中承认先前知情未报【本人仅旁观他人异常且负有报告职责】	R++
已知真实原因却否认知情|撒谎自保【正式追问】	R++++
隐瞒应披露的贡献来源|不实署名【相关人已经产生误解】	R++
隐瞒本人已取得的争议性利益【来源可能被追查】	R++
人情交换干预正式评价或资源分配【不实打分/以私情换支持】	R++
知情不报|隐瞒缺陷|只报喜不报忧|推给他人不处理【本人有已知故障或缺陷的处置责任】	R++
放任一般岗位或协作异常【同事不在线/任务异常；本人有观察或管理责任，尚非重大缺陷】	R+
在明确合规疑虑下未经核查继续个人使用公司资源|同领域副业【权限或业务边界未确认】	R++
拒绝不实署名|公正追责【当事人已提出越界要求】	R-?
延期扯皮|误导客户|限缩事故通报【仍有本人应澄清的影响或责任】	R++
回避客户关键报价或专业问题【本人仍负解释责任】	R+
客户已受影响时全量通报并开展应急响应	R-
公开抱怨|匿名外部差评【本人可被识别且对象掌握评价权】	R+
提交可追溯的负面反馈【需工号登录或实名记录且对象掌握评价权】	R++
持续公开抱怨|冲突进一步升级【已形成可追责事态】	R++
主动降温|回到理性沟通【冲突已升级】	R-
诋毁同事|举报后宣扬功劳|打小报告	R++
越级举报直接领导|单方启动调查【至CEO/董事会；被举报方掌握考核或报复权】	R++++
未经核实向管理层举报同事|非正式打小报告【未走合规审计】	R+
诉讼仲裁对抗公司【本人承担关系及职业风险】	R++++
承诺或接下无保障的交付责任【跨组/虚职且资源、授权或书面边界未落实】	R+
带病或过劳硬抗【仍负交付责任且体力不足】	R+
主动主张个人权益【与公司书面合同归属有争议、尚未获授权】	R+
拒绝履行有争议的合同归属义务【直接对抗公司且未达成协议】	R+++
跨业务板块私下支援|政治选边【未取得正式授权】	R+++
只修当前故障未排查同类服务【已知系统性配置风险】	R+
只做最小补丁【已明确要求修复，技术债仍遗留】	R+?
项目长期赌未经验证的方案|推倒重写且失去回退	R++?
提交既有评审录音或范围文档自证|澄清合规举报过程【有实际风险处置】	R-
上班时间公开谈跳槽机会【同事或领导可听见】	R+
事前披露副业或设备边界【已确认无既有利益冲突并获正式授权】	R--
披露边界有争议的既有副业【先前未获授权并触发合规追查】	R+
事后邮件纠错【错误已传播、仅发勘误且未提交足以自证的证据】	R+
忽视岗位或市场变化|拒绝向更高层职责迁移【已出现能力或角色错配】	R+
明确协作接口与责任边界【可追责分工落实，降低本人交付暴露】	R-
接受口头挽留【无书面兑付保障】	R+
主动降职或转岗退出难以完成的职责【不再承担原岗位追责】	R-
用外部offer向当前公司施压【谈判暴露】	R+
口头承诺留下却暗中找下家【已向公司作出留任承诺】	R++
降低个人财务暴露【留足现金垫；不单押期权或公司前景】	R-
高杠杆负债或耗尽现金垫【掏空首付/借贷买房，本人难承受岗位或收入波动】	R++
隐瞒个人知情事实【被正式询问后】	R++

【D 立场与诚信】
坚持原则|拒绝造假|保守职务秘密【承担明确压力】	D++
据实求证并回应【承认失误/道歉/书面澄清或提供证据/核对规则】	D+
公正发声|合理争取权益|事实打分【以事实维护公平；含拒绝失实署名/认可他人成果】	D++
合规使用自有设备|接受合理副业规范	D++
合理建立工作边界|照顾自身健康	D+
欺骗客户|隐瞒真相|甩锅上游【已实际造假、误导或为私利违背原则】	D--
故意藏私|迎合吹捧|公开失态争吵|恶意贬低同事【失当行为已实际发生】	D-
撒谎|否认已知事实【正式调查或追问中】	D---

【特殊情境：工作方式与交付】
自研核心技术【积累长期资产但周期长】	S++,O-,R+?,H=
依赖黑盒方案快速交付【放弃核心实践、受制上游】	S-,O++,R+?,H=
仅用公开且可合法使用的资料做原型【未使用未授权内部或用户数据；后者待授权不等于本方案违规】	S+,O+?,R=
等待前置审批或授权【当前交付须暂停】	O-?
从零建体系|搭建CI【发布门禁已落地】	S+++,O--,N-,R--
维持手动Review|沿用旧发布流程【过载且拒绝改进】	H--,S-,O++,R++
推动工程流程改进|安全左移【跨组讨论技术方案】	S++,N+
流程门禁落地并减少返工	S++,O++
上线前修复缺陷|逐行细审关键代码【阻塞发布】	S++,O--,R--
故障后回滚|暂停发布隔离影响	S++,O-,R-
代码质量保障|补观察与回滚预案【已落地、延误小】	O+
安全窗口灰度迁移|事前回滚验证【无已知关键缺陷】	S++,R-
赶进度压缩测试|减少质量门禁|只看核心【未验证即交付】	S-,O++,R++
忽视问题放宽评审、留待作者后续迭代【作者有问题，非仅命名风格】	S-?,O+,R++
强行上线已知重大缺陷|赌故障不复发	R+++
仅灰度观察并留回滚【关键缺陷仍随版本上线】	R+
额外扛交付|深夜赶工	H--,O+,R+

【特殊情境：跨组风险与协作】
私下沟通跨组风险【重大风险未闭环】	N++,R+
仅附录备案【重大风险未闭环】	R+
向领导同步风险【重大风险有证据并留痕】	S+,N+,R-
只顾自家方案|技术立场对立【跨组协作】	N-
主动汇报风险|公开澄清举报【有证据但引发不满】	S+,N-
成全同事方案|让出主导权【未经验证撤回专业异议】	S-,N++
提出正式异议【重大风险按流程留痕】	S+,R--
甩锅上游|推卸事故责任【不实归责】	N-,R+
故意保留应共享的核心方法【公司征集且同事依赖】	N--,R++

【特殊情境：岗位与负荷】
向上级说明健康问题|请求减负【职责负荷已正式调整】	R-
接受无保障的虚职	H-,R+
争取书面资源|把虚职做实	S+,O+
分析并协商去留|比较挽留条件	S+,N+
消极怠工|以少干抵制|怨怼后放弃工作【仍负交付责任】	O--,R++
消极抵触新领导【本职协作受阻】	O-,R+
刻意吹捧领导|逢迎刷存在感【失真被察觉】	N-,R+
